code;label-fr_FR;label-en_US;attribute;sort_order
N;16 à 32°C;N;climate_class;1
SN;10 à 32°C;SN;climate_class;1
SN_ST;10 à 38°C;SN-ST;climate_class;1
SN_T;10 et 43°C;SN-T;climate_class;1
ST;16 à 38°C;ST;climate_class;1
T;16 et 43°C;T;climate_class;1
auto;automatique;auto;defrosting;1
manual;manuel;manual;defrosting;1
semi_auto;semi-automatique;semi_auto;defrosting;1
multi;Multifonctions;multi;cooking_mode;1
pyrolysis;pyrolyse;pyrolysis;oven_cleaning;1
manual;manuel;manual;oven_cleaning;1
catalysis;catalyse;catalysis;oven_cleaning;1
hydrolysis;hydrolyse;hydrolysis;oven_cleaning;1
scaling;détartrage;scaling;oven_cleaning;1
top;haut;top;freezer_position;1
down;bas;down;freezer_position;1
top;top;top;loading_type;1
door;hublot;door;loading_type;1
static;Statique;static;cold_type;1
air_mix;brassé;air_mix;cold_type;1
ventilated;ventillé;ventilated;cold_type;1
tempered;tempérée;tempered;door_type;1
cold;froide;cold;door_type;1
ventilated;ventillée;ventilated;door_type;1
sliding;coulissante;sliding;door_opening_type;1
retractable;escamotable;retractable;door_opening_type;1
drop_down;abattante;drop_down;door_opening_type;1
integrable;integrable;integrable;type_installation;1
encastrable;encastrable;encastrable;type_installation;1
libre;libre;libre;type_installation;1
condensation;Condensation;condensation;dryer_type;1
evacuation;Evacuation;evacuation;dryer_type;1
heat_pump;Pompe à chaleur;heat_pump;dryer_type;1
A;A;A;energy_class;1
B;B;B;energy_class;2
C;C;C;energy_class;3
D;D;D;energy_class;4
E;E;E;energy_class;5
F;F;F;energy_class;6
G;G;G;energy_class;7
anthracite;Anthracite;anthracite;main_color;1
silver;Argent;silver;main_color;1
white;Blanc;white;main_color;1
grey;Gris;grey;main_color;1
inox;Inox;inox;main_color;1
lacquer;Laqué;lacquer;main_color;1
black;Noir;black;main_color;1
red;Rouge;red;main_color;1
ADLER;ADLER;ADLER;brand;1
ADVISEN;ADVISEN;ADVISEN;brand;1
AEG;AEG;AEG;brand;1
AEOTEC;AEOTEC;AEOTEC;brand;1
AILORIA;AILORIA;AILORIA;brand;1
AIR_AND_ME;AIR AND ME;AIR AND ME;brand;1
AIR_ET_SANTE;AIR ET SANTE;AIR ET SANTE;brand;1
AIRVIA_MEDICAL;AIRVIA MEDICAL;AIRVIA MEDICAL;brand;1
ALECTO;ALECTO;ALECTO;brand;1
ALESSI;ALESSI;ALESSI;brand;1
ALICE_S_GARDEN;ALICE'S GARDEN;ALICE'S GARDEN;brand;1
ALUVY;ALUVY;ALUVY;brand;1
AMIBOT;AMIBOT;AMIBOT;brand;1
AMSTA;AMSTA;AMSTA;brand;1
ANGEL;ANGEL;ANGEL;brand;1
ARCHOS;ARCHOS;ARCHOS;brand;1
ARIETE;ARIETE;ARIETE;brand;1
ASKO;ASKO;ASKO;brand;1
ASTORIA;ASTORIA;ASTORIA;brand;1
BABYLISS;BABYLISS;BABYLISS;brand;1
BABYMOOV;BABYMOOV;BABYMOOV;brand;1
BAMIX;BAMIX;BAMIX;brand;1
BARBECOOK;BARBECOOK;BARBECOOK;brand;1
BE_YOU;BE YOU;BE YOU;brand;1
BEABA;BEABA;BEABA;brand;1
BECKER;BECKER;BECKER;brand;1
BEER_UP;BEER UP;BEER UP;brand;1
BELLISSIMA;BELLISSIMA;BELLISSIMA;brand;1
BERNETTE_BY_BERNINA;BERNETTE BY BERNINA;BERNETTE BY BERNINA;brand;1
BERNINA;BERNINA;BERNINA;brand;1
BEST_OF_TV;BEST OF TV;BEST OF TV;brand;1
BESTHERM;BESTHERM;BESTHERM;brand;1
BESTRON;BESTRON;BESTRON;brand;1
BEURER;BEURER;BEURER;brand;1
BIG_GREEN_EGG;BIG GREEN EGG;BIG GREEN EGG;brand;1
BIOCHEF;BIOCHEF;BIOCHEF;brand;1
BISSELL;BISSELL;BISSELL;brand;1
BLACK_DECKER;BLACK & DECKER;BLACK & DECKER;brand;1
BLUEAIR;BLUEAIR;BLUEAIR;brand;1
BOMANN;BOMANN;BOMANN;brand;1
BONECO;BONECO;BONECO;brand;1
BRANDT;BRANDT;BRANDT;brand;1
BRAUN;BRAUN;BRAUN;brand;1
BREVILLE;BREVILLE;BREVILLE;brand;1
BRITA;BRITA;BRITA;brand;1
BROTHER;BROTHER;BROTHER;brand;1
BUKI;BUKI;BUKI;brand;1
CALOR;CALOR;CALOR;brand;1
CAMPINGAZ;CAMPINGAZ;CAMPINGAZ;brand;1
CHEMIN_ARTE;CHEMIN ARTE;CHEMIN ARTE;brand;1
CLATRONIC;CLATRONIC;CLATRONIC;brand;1
CONCORDE;CONCORDE;CONCORDE;brand;1
COOK_IN_GARDEN;COOK'IN GARDEN;COOK'IN GARDEN;brand;1
COSORI;COSORI;COSORI;brand;1
COSYLIFE;COSYLIFE;COSYLIFE;brand;1
CROCK_POT;CROCK POT;CROCK POT;brand;1
CUISINART;CUISINART;CUISINART;brand;1
DE_DIETRICH;DE DIETRICH;DE DIETRICH;brand;1
DEERMA;DEERMA;DEERMA;brand;1
DELONGHI;DELONGHI;DELONGHI;brand;1
DELTA_DORE;DELTA DORE;DELTA DORE;brand;1
DIRT_DEVIL;DIRT DEVIL;DIRT DEVIL;brand;1
DJIVE;DJIVE;DJIVE;brand;1
DOMO;DOMO;DOMO;brand;1
DREAME;DREAME;DREAME;brand;1
DREXON;DREXON;DREXON;brand;1
DUUX;DUUX;DUUX;brand;1
DYSON;DYSON;DYSON;brand;1
E_ZICOM;E.ZICOM;E.ZICOM;brand;1
ECODROP;ECODROP;ECODROP;brand;1
ECOVACS;ECOVACS;ECOVACS;brand;1
ELNA;ELNA;ELNA;brand;1
EMMIDENT;EMMIDENT;EMMIDENT;brand;1
ENO;ENO;ENO;brand;1
EPILADY;EPILADY;EPILADY;brand;1
EUFY;EUFY;EUFY;brand;1
EUROFLEX;EUROFLEX;EUROFLEX;brand;1
EVATRONIC;EVATRONIC;EVATRONIC;brand;1
EVE;EVE;EVE;brand;1
EWT;EWT;EWT;brand;1
EXCELINE;EXCELINE;EXCELINE;brand;1
EZICLEAN;EZICLEAN;EZICLEAN;brand;1
EZVIZ;EZVIZ;EZVIZ;brand;1
FELLOWES;FELLOWES;FELLOWES;brand;1
FLAWLESS;FLAWLESS;FLAWLESS;brand;1
FOOD_SAVER;FOOD SAVER;FOOD SAVER;brand;1
FORGE_ADOUR;FORGE ADOUR;FORGE ADOUR;brand;1
FRIFRI;FRIFRI;FRIFRI;brand;1
FYSIC;FYSIC;FYSIC;brand;1
GHD;GHD;GHD;brand;1
GILETTE;GILETTE;GILETTE;brand;1
H_KOENIG;H.KOENIG;H.KOENIG;brand;1
HAIER;HAIER;HAIER;brand;1
HAPPY_GARDEN;HAPPY GARDEN;HAPPY GARDEN;brand;1
HARPER;HARPER;HARPER;brand;1
HEATIT;HEATIT;HEATIT;brand;1
HIGH_ONE;HIGH ONE;HIGH ONE;brand;1
HIZERO;HIZERO;HIZERO;brand;1
HOBOT;HOBOT;HOBOT;brand;1
HOMEDICS;HOMEDICS;HOMEDICS;brand;1
HONEYWELL;HONEYWELL;HONEYWELL;brand;1
HOOVER;HOOVER;HOOVER;brand;1
HUROM;HUROM;HUROM;brand;1
HUSQVARNA_VIKING;HUSQVARNA VIKING;HUSQVARNA VIKING;brand;1
INSPIRE;INSPIRE;INSPIRE;brand;1
IROBOT;IROBOT;IROBOT;brand;1
ITALIAN_DESIGN;ITALIAN DESIGN;ITALIAN DESIGN;brand;1
JANOME;JANOME;JANOME;brand;1
JARDIGILL;JARDIGILL;JARDIGILL;brand;1
JCH;JCH;JCH;brand;1
JEAN_LOUIS_DAVID;JEAN LOUIS DAVID;JEAN LOUIS DAVID;brand;1
JOCCA;JOCCA;JOCCA;brand;1
JUKI;JUKI;JUKI;brand;1
JURA;JURA;JURA;brand;1
KALORIK;KALORIK;KALORIK;brand;1
KARCHER;KARCHER;KARCHER;brand;1
KENWOOD;KENWOOD;KENWOOD;brand;1
KITCHENAID;KITCHENAID;KITCHENAID;brand;1
KITCHENCOOK;KITCHENCOOK;KITCHENCOOK;brand;1
KLARSTEIN;KLARSTEIN;KLARSTEIN;brand;1
KONYKS;KONYKS;KONYKS;brand;1
KRAMPOUZ;KRAMPOUZ;KRAMPOUZ;brand;1
KRUPS;KRUPS;KRUPS;brand;1
KUKOO;KUKOO;KUKOO;brand;1
KUVINGS;KUVINGS;KUVINGS;brand;1
L_OR;L'OR;L'OR;brand;1
L_OREAL;L'OREAL;L'OREAL;brand;1
LA_CROSSE;LA CROSSE;LA CROSSE;brand;1
LAGRANGE;LAGRANGE;LAGRANGE;brand;1
LANAFORM;LANAFORM;LANAFORM;brand;1
LAURASTAR;LAURASTAR;LAURASTAR;brand;1
LAVAZZA;LAVAZZA;LAVAZZA;brand;1
LAVIE;LAVIE;LAVIE;brand;1
LAVOR;LAVOR;LAVOR;brand;1
LE_MARQUIER;LE MARQUIER;LE MARQUIER;brand;1
LITTLE_BALANCE;LITTLE BALANCE;LITTLE BALANCE;brand;1
LIVOO;LIVOO;LIVOO;brand;1
MAGIMIX;MAGIMIX;MAGIMIX;brand;1
MALONGO;MALONGO;MALONGO;brand;1
MAZDA;MAZDA;MAZDA;brand;1
MCO_HOME;MCO HOME;MCO HOME;brand;1
MEACO;MEACO;MEACO;brand;1
MEDISANA;MEDISANA;MEDISANA;brand;1
MELITTA;MELITTA;MELITTA;brand;1
MESKO;MESKO;MESKO;brand;1
MIELE;MIELE;MIELE;brand;1
MIOGO;MIOGO;MIOGO;brand;1
MIRICHAUD;MIRICHAUD;MIRICHAUD;brand;1
MOSER;MOSER;MOSER;brand;1
MOULINEX;MOULINEX;MOULINEX;brand;1
NAPOLEON;NAPOLEON;NAPOLEON;brand;1
NEATSVOR;NEATSVOR;NEATSVOR;brand;1
NEST;NEST;NEST;brand;1
NESTLE;NESTLE;NESTLE;brand;1
NETATMO;NETATMO;NETATMO;brand;1
NILFISK;NILFISK;NILFISK;brand;1
NINJA;NINJA;NINJA;brand;1
NITYAM;NITYAM;NITYAM;brand;1
NUTRIBULLET;NUTRIBULLET;NUTRIBULLET;brand;1
OMEGA;OMEGA;OMEGA;brand;1
ONECONCEPT;ONECONCEPT;ONECONCEPT;brand;1
OONI;OONI;OONI;brand;1
OPTIMEA;OPTIMEA;OPTIMEA;brand;1
ORAL_B;ORAL-B;ORAL-B;brand;1
ORIUM;ORIUM;ORIUM;brand;1
PAINGONE;PAINGONE;PAINGONE;brand;1
PANASONIC;PANASONIC;PANASONIC;brand;1
PFAFF;PFAFF;PFAFF;brand;1
PHILIPS;PHILIPS;PHILIPS;brand;1
PLANCHA_TONIO;PLANCHA TONIO;PLANCHA TONIO;brand;1
PLANCHAELEC;PLANCHAELEC;PLANCHAELEC;brand;1
PLANET;PLANET;PLANET;brand;1
POLTI;POLTI;POLTI;brand;1
PRINCESS;PRINCESS;PRINCESS;brand;1
PROFICARE;PROFICARE;PROFICARE;brand;1
PROFILE;PROFILE;PROFILE;brand;1
PROSCENIC;PROSCENIC;PROSCENIC;brand;1
RADIOLA;RADIOLA;RADIOLA;brand;1
REMINGTON;REMINGTON;REMINGTON;brand;1
REVITIVE;REVITIVE;REVITIVE;brand;1
REVLON;REVLON;REVLON;brand;1
RIVIERA_ET_BAR;RIVIERA ET BAR;RIVIERA ET BAR;brand;1
ROBOROCK;ROBOROCK;ROBOROCK;brand;1
ROSIERES;ROSIERES;ROSIERES;brand;1
ROTEL;ROTEL;ROTEL;brand;1
ROWENTA;ROWENTA;ROWENTA;brand;1
RUSSEL_HOBBS;RUSSEL HOBBS;RUSSEL HOBBS;brand;1
SAECO;SAECO;SAECO;brand;1
SAGE_APPLIANCES;SAGE APPLIANCES;SAGE APPLIANCES;brand;1
SAINT_ALGUE;SAINT ALGUE;SAINT ALGUE;brand;1
SANGHA;SANGHA;SANGHA;brand;1
SANITAS;SANITAS;SANITAS;brand;1
SCHNEIDER;SCHNEIDER;SCHNEIDER;brand;1
SCHOLL;SCHOLL;SCHOLL;brand;1
SEB;SEB;SEB;brand;1
SENSEO;SENSEO;SENSEO;brand;1
SENSICA;SENSICA;SENSICA;brand;1
SENSLY;SENSLY;SENSLY;brand;1
SEVERIN;SEVERIN;SEVERIN;brand;1
SHARK;SHARK;SHARK;brand;1
SHELLY;SHELLY;SHELLY;brand;1
SHOP_STORY;SHOP-STORY;SHOP-STORY;brand;1
SIEMENS;SIEMENS;SIEMENS;brand;1
SILK_N;SILK'N;SILK'N;brand;1
SIMEO;SIMEO;SIMEO;brand;1
SINGER;SINGER;SINGER;brand;1
SMEG;SMEG;SMEG;brand;1
SMILE_SCIENCE;SMILE SCIENCE;SMILE SCIENCE;brand;1
SODASTREAM;SODASTREAM;SODASTREAM;brand;1
SOEHNLE;SOEHNLE;SOEHNLE;brand;1
SOLAC;SOLAC;SOLAC;brand;1
SOMAGIC;SOMAGIC;SOMAGIC;brand;1
SONAREMA;SONAREMA;SONAREMA;brand;1
STADLER_FORM;STADLER FORM;STADLER_FORM;brand;1
STEAMONE;STEAMONE;STEAMONE;brand;1
STYLIES;STYLIES;STYLIES;brand;1
SUPRA;SUPRA;SUPRA;brand;1
SWEET_ALICE;SWEET ALICE;SWEET_ALICE;brand;1
TADO;TADO;TADO;brand;1
TALIKA;TALIKA;TALIKA;brand;1
TANDA_BEAUTY;TANDA BEAUTY;TANDA_BEAUTY;brand;1
TASSIMO;TASSIMO;TASSIMO;brand;1
TAURUS;TAURUS;TAURUS;brand;1
TECHWOOD;TECHWOOD;TECHWOOD;brand;1
TEFAL;TEFAL;TEFAL;brand;1
TEKA;TEKA;TEKA;brand;1
TEQOYA;TEQOYA;TEQOYA;brand;1
TERRAILLON;TERRAILLON;TERRAILLON;brand;1
THE_HUMBLE_CO;THE HUMBLE CO;THE_HUMBLE_CO;brand;1
THOMAS;THOMAS;THOMAS;brand;1
TINECO;TINECO;TINECO;brand;1
TRAEGER;TRAEGER;TRAEGER;brand;1
TREBS;TREBS;TREBS;brand;1
TRIBEST;TRIBEST;TRIBEST;brand;1
TRIOMPH;TRIOMPH;TRIOMPH;brand;1
TRISTAR;TRISTAR;TRISTAR;brand;1
VALBERG;VALBERG;VALBERG;brand;1
VALERA;VALERA;VALERA;brand;1
VAPORETTO;VAPORETTO;VAPORETTO;brand;1
VEET;VEET;VEET;brand;1
VENTEO;VENTEO;VENTEO;brand;1
WAHL;WAHL;WAHL;brand;1
WATERPIK;WATERPIK;WATERPIK;brand;1
WATTSPIRIT;WATTSPIRIT;WATTSPIRIT;brand;1
WEBER;WEBER;WEBER;brand;1
WHIRLPOOL;WHIRLPOOL;WHIRLPOOL;brand;1
WINIX;WINIX;WINIX;brand;1
WMF;WMF;WMF;brand;1
YBRUSH;YBRUSH;YBRUSH;brand;1
YOGHI;YOGHI;YOGHI;brand;1
ZACO;ZACO;ZACO;brand;1
ZANUSSI;ZANUSSI;ZANUSSI;brand;1
ZEROMOUSTIQUE;ZEROMOUSTIQUE;ZEROMOUSTIQUE;brand;1
AGA;AGA;AGA;brand;1
AIRLUX;AIRLUX;AIRLUX;brand;1
ALTUS;ALTUS;ALTUS;brand;1
AMICA;AMICA;AMICA;brand;1
ARISTON;ARISTON;ARISTON;brand;1
ARTHUR_MARTIN;ARTHUR MARTIN;ARTHUR MARTIN;brand;1
AYA;AYA;AYA;brand;1
BAUKNECHT;BAUKNECHT;BAUKNECHT;brand;1
BEKO;BEKO;BEKO;brand;1
BELLAVITA;BELLAVITA;BELLAVITA;brand;1
BERTAZZONI;BERTAZZONI;BERTAZZONI;brand;1
BLUESKY;BLUESKY;BLUESKY;brand;1
BOMPANI;BOMPANI;BOMPANI;brand;1
BOSCH;BOSCH;BOSCH;brand;1
CANDY;CANDY;CANDY;brand;1
CAVISS;CAVISS;CAVISS;brand;1
CLAYTON;CLAYTON;CLAYTON;brand;1
CLIMADIFF;CLIMADIFF;CLIMADIFF;brand;1
COLDIS;COLDIS;COLDIS;brand;1
COMFEE;COMFEE;COMFEE;brand;1
CONTINENTAL_EDISON;CONTINENTAL EDISON;CONTINENTAL_EDISON;brand;1
CURTISS;CURTISS;CURTISS;brand;1
DAEWOO;DAEWOO;DAEWOO;brand;1
DOMEOS;DOMEOS;DOMEOS;brand;1
ELECTROLUX;ELECTROLUX;ELECTROLUX;brand;1
ESSENTIEL_B;ESSENTIEL B;ESSENTIEL_B;brand;1
FAGOR;FAGOR;FAGOR;brand;1
FALCON;FALCON;FALCON;brand;1
FALMEC;FALMEC;FALMEC;brand;1
FAR;FAR;FAR;brand;1
FAURE;FAURE;FAURE;brand;1
FUNIX;FUNIX;FUNIX;brand;1
GAGGENAU;GAGGENAU;GAGGENAU;brand;1
GORENJE;GORENJE;GORENJE;brand;1
GRUNDIG;GRUNDIG;GRUNDIG;brand;1
HARROW;HARROW;HARROW;brand;1
HISENSE;HISENSE;HISENSE;brand;1
HOTPOINT;HOTPOINT;HOTPOINT;brand;1
INDESIT;INDESIT;INDESIT;brand;1
JEKEN;JEKEN;JEKEN;brand;1
LA_GERMANIA;LA GERMANIA;LA_GERMANIA;brand;1
LA_SOMMELIERE;LA SOMMELIERE;LA_SOMMELIERE;brand;1
LADEN;LADEN;LADEN;brand;1
LEISURE;LEISURE;LEISURE;brand;1
LIEBHERR;LIEBHERR;LIEBHERR;brand;1
LISTO;LISTO;LISTO;brand;1
NEFF;NEFF;NEFF;brand;1
NOVY;NOVY;NOVY;brand;1
OCEAN;OCEAN;OCEAN;brand;1
OCEANIC;OCEANIC;OCEANIC;brand;1
ORIGANE;ORIGANE;ORIGANE;brand;1
PROLINE;PROLINE;PROLINE;brand;1
QILIVE;QILIVE;QILIVE;brand;1
ROBLIN;ROBLIN;ROBLIN;brand;1
SABA;SABA;SABA;brand;1
SAMANA;SAMANA;SAMANA;brand;1
SAMSUNG;SAMSUNG;SAMSUNG;brand;1
SAN_GIORGIO;SAN GIORGIO;SAN_GIORGIO;brand;1
SAUTER;SAUTER;SAUTER;brand;1
SCHOLTES;SCHOLTES;SCHOLTES;brand;1
SHARP;SHARP;SHARP;brand;1
SIDEX;SIDEX;SIDEX;brand;1
SIGNATURE;SIGNATURE;SIGNATURE;brand;1
UNICLINE;UNICLINE;UNICLINE;brand;1
URANIA;URANIA;URANIA;brand;1
VEDETTE;VEDETTE;VEDETTE;brand;1
VIVA;VIVA;VIVA;brand;1
WALTHAM;WALTHAM;WALTHAM;brand;1
ACER;ACER;ACER;brand;1
AGFAPHOTO;AGFAPHOTO;AGFAPHOTO;brand;1
ALCATEL;ALCATEL;ALCATEL;brand;1
AMAZFIT;AMAZFIT;AMAZFIT;brand;1
AMAZON;AMAZON;AMAZON;brand;1
AMSTRAD;AMSTRAD;AMSTRAD;brand;1
AOC;AOC;AOC;brand;1
APM;APM;APM;brand;1
APPLE;APPLE;APPLE;brand;1
ARCADE_1_UP;ARCADE 1 UP;ARCADE_1_UP;brand;1
ASUS;ASUS;ASUS;brand;1
AT_GAMES;AT GAMES;AT_GAMES;brand;1
BANG_OLUFSEN;BANG & OLUFSEN;BANG_OLUFSEN;brand;1
BE_MIX;BE MIX;BE_MIX;brand;1
BEATS;BEATS;BEATS;brand;1
BEE_STAR;BEE STAR;BEE_STAR;brand;1
BELKIN;BELKIN;BELKIN;brand;1
BENG;BENG;BENG;brand;1
BERSERKER;BERSERKER;BERSERKER;brand;1
BLACKVIEW;BLACKVIEW;BLACKVIEW;brand;1
BLAUPUNKT;BLAUPUNKT;BLAUPUNKT;brand;1
BLUESTORK;BLUESTORK;BLUESTORK;brand;1
BM_SONIC;BM SONIC;BM_SONIC;brand;1
BOOMTONEDJ;BOOMTONEDJ;BOOMTONEDJ;brand;1
BOOST;BOOST;BOOST;brand;1
BOSE;BOSE;BOSE;brand;1
BSK;BSK;BSK;brand;1
CABASSE;CABASSE;CABASSE;brand;1
CANON;CANON;CANON;brand;1
CATERPILLAR;CATERPILLAR;CATERPILLAR;brand;1
CAYIN;CAYIN;CAYIN;brand;1
CONNECTLAND;CONNECTLAND;CONNECTLAND;brand;1
CORSAIR;CORSAIR;CORSAIR;brand;1
CROSSCALL;CROSSCALL;CROSSCALL;brand;1
CRYSTALFIT;CRYSTALFIT;CRYSTALFIT;brand;1
CRYSTALSOUND;CRYSTALSOUND;CRYSTALSOUND;brand;1
D_LINK;D-LINK;D_LINK;brand;1
DANEW;DANEW;DANEW;brand;1
DELL;DELL;DELL;brand;1
DENON;DENON;DENON;brand;1
DENVER;DENVER;DENVER;brand;1
DEVIALET;DEVIALET;DEVIALET;brand;1
DEVOLO;DEVOLO;DEVOLO;brand;1
DISNEY;DISNEY;DISNEY;brand;1
DJIX;DJIX;DJIX;brand;1
DORO;DORO;DORO;brand;1
DUAL;DUAL;DUAL;brand;1
DUCATI;DUCATI;DUCATI;brand;1
DYMO;DYMO;DYMO;brand;1
E_SLIDE;E-SLIDE;E_SLIDE;brand;1
EARTHQUAKE;EARTHQUAKE;EARTHQUAKE;brand;1
ECHO;ECHO;ECHO;brand;1
ELIPSON;ELIPSON;ELIPSON;brand;1
EMTEC;EMTEC;EMTEC;brand;1
EPSON;EPSON;EPSON;brand;1
ESSENTIELB;ESSENTIELB;ESSENTIELB;brand;1
EVIDENCE_ACOUSTICS;EVIDENCE ACOUSTICS;EVIDENCE_ACOUSTICS;brand;1
EXQUISIT;EXQUISIT;EXQUISIT;brand;1
FAILOTAB;FAILOTAB;FAILOTAB;brand;1
FAIRPHONE;FAIRPHONE;FAIRPHONE;brand;1
FITBIT;FITBIT;FITBIT;brand;1
FOCAL;FOCAL;FOCAL;brand;1
FUJIONKYO;FUJIONKYO;FUJIONKYO;brand;1
FUJITSU_SIEMENS;FUJITSU SIEMENS;FUJITSU_SIEMENS;brand;1
FURY;FURY;FURY;brand;1
GARMIN;GARMIN;GARMIN;brand;1
GEMINI;GEMINI;GEMINI;brand;1
GEMSOUND;GEMSOUND;GEMSOUND;brand;1
GENERIC;GENERIC;GENERIC;brand;1
GENESIS;GENESIS;GENESIS;brand;1
GOOGLE;GOOGLE;GOOGLE;brand;1
GYROBOARDER;GYROBOARDER;GYROBOARDER;brand;1
HAMA;HAMA;HAMA;brand;1
HAMMER;HAMMER;HAMMER;brand;1
HARMAN_KARDON;HARMAN KARDON;HARMAN_KARDON;brand;1
HERCULES;HERCULES;HERCULES;brand;1
HIKVISION;HIKVISION;HIKVISION;brand;1
HONOR;HONOR;HONOR;brand;1
HORI;HORI;HORI;brand;1
HP;HP;HP;brand;1
HTC;HTC;HTC;brand;1
HYPERX;HYPERX;HYPERX;brand;1
HYUNDAI;HYUNDAI;HYUNDAI;brand;1
IBIZA;IBIZA;IBIZA;brand;1
IIYAMA;IIYAMA;IIYAMA;brand;1
INMOTION;INMOTION;INMOTION;brand;1
INOVALLEY;INOVALLEY;INOVALLEY;brand;1
INTENSO;INTENSO;INTENSO;brand;1
ION;ION;ION;brand;1
JABRA;JABRA;JABRA;brand;1
JAMO;JAMO;JAMO;brand;1
JBL;JBL;JBL;brand;1
JEEP;JEEP;JEEP;brand;1
JVC;JVC;JVC;brand;1
KARMA;KARMA;KARMA;brand;1
KEYOUEST;KEYOUEST;KEYOUEST;brand;1
KLIPSCH;KLIPSCH;KLIPSCH;brand;1
KODAK;KODAK;KODAK;brand;1
KONIX;KONIX;KONIX;brand;1
KONROW;KONROW;KONROW;brand;1
KOOL_STAR;KOOL STAR;KOOL_STAR;brand;1
LAUT;LAUT;LAUT;brand;1
LEDWOOD;LEDWOOD;LEDWOOD;brand;1
LENCO;LENCO;LENCO;brand;1
LENOVO;LENOVO;LENOVO;brand;1
LEXIBOOK;LEXIBOOK;LEXIBOOK;brand;1
LOGICOM;LOGICOM;LOGICOM;brand;1
LOGITECH;LOGITECH;LOGITECH;brand;1
LTC;LTC;LTC;brand;1
LYTEOUEST;LYTEOUEST;LYTEOUEST;brand;1
LYTOR;LYTOR;LYTOR;brand;1
MADISON;MADISON;MADISON;brand;1
MARANTZ;MARANTZ;MARANTZ;brand;1
MARSHALL;MARSHALL;MARSHALL;brand;1
MASH;MASH;MASH;brand;1
MAXELL;MAXELL;MAXELL;brand;1
MEDION;MEDION;MEDION;brand;1
MELICONI;MELICONI;MELICONI;brand;1
METRONIC;METRONIC;METRONIC;brand;1
MICROSOFT;MICROSOFT;MICROSOFT;brand;1
MOBILIS;MOBILIS;MOBILIS;brand;1
MOBILTY;MOBILTY;MOBILTY;brand;1
MOOVWAY;MOOVWAY;MOOVWAY;brand;1
MOTOROLA;MOTOROLA;MOTOROLA;brand;1
MRED;MRED;MRED;brand;1
MSI;MSI;MSI;brand;1
MUSE;MUSE;MUSE;brand;1
MVSX;MVSX;MVSX;brand;1
MY_ARCADE;MY ARCADE;MY_ARCADE;brand;1
MY_DEEJAY;MY DEEJAY;MY_DEEJAY;brand;1
MYDEEJAY;MYDEEJAY;MYDEEJAY;brand;1
MYKRONOZ;MYKRONOZ;MYKRONOZ;brand;1
NEDIS;NEDIS;NEDIS;brand;1
NETGEAR;NETGEAR;NETGEAR;brand;1
NEW_ONE;NEW ONE;NEW ONE;brand;1
NGS;NGS;NGS;brand;1
NINEBOT;NINEBOT;NINEBOT;brand;1
NINTENDO;NINTENDO;NINTENDO;brand;1
OGLO;OGLO;OGLO;brand;1
ON_EARZ;ON.EARZ;ON_EARZ;brand;1
ONE_FOR_ALL;ONE FOR ALL;ONE_FOR_ALL;brand;1
ONE_PLUS;ONE PLUS;ONE_PLUS;brand;1
ONKYO;ONKYO;ONKYO;brand;1
OPPO;OPPO;OPPO;brand;1
OPTOMA;OPTOMA;OPTOMA;brand;1
ORDISSIMO;ORDISSIMO;ORDISSIMO;brand;1
PACKARD_BELL;PACKARD BELL;PACKARD_BELL;brand;1
PARTY;PARTY;PARTY;brand;1
PDP;PDP;PDP;brand;1
PICKERING;PICKERING;PICKERING;brand;1
PIONEER;PIONEER;PIONEER;brand;1
PLAYSEAT;PLAYSEAT;PLAYSEAT;brand;1
POLAR;POLAR;POLAR;brand;1
POLK;POLK;POLK;brand;1
PORT;PORT;PORT;brand;1
R_MUSIC;R-MUSIC;R-MUSIC;brand;1
RAZER;RAZER;RAZER;brand;1
REALME;REALME;REALME;brand;1
RIDEWAY;RIDEWAY;RIDEWAY;brand;1
RYGHT;RYGHT;RYGHT;brand;1
SCOOTY;SCOOTY;SCOOTY;brand;1
SEAGATE;SEAGATE;SEAGATE;brand;1
SEDEA;SEDEA;SEDEA;brand;1
SENNHEISER;SENNHEISER;SENNHEISER;brand;1
SHOKZ;SHOKZ;SHOKZ;brand;1
SHOT_CASE;SHOT CASE;SHOT_CASE;brand;1
SLP;SLP;SLP;brand;1
SONOS;SONOS;SONOS;brand;1
SONY;SONY;SONY;brand;1
SPIRIT_OF_GAMER;SPIRIT OF GAMER;SPIRIT_OF_GAMER;brand;1
SPYKER;SPYKER;SPYKER;brand;1
STEELPLAY;STEELPLAY;STEELPLAY;brand;1
STOR;STOR;STOR;brand;1
SUBSONIC;SUBSONIC;SUBSONIC;brand;1
SUMUP;SUMUP;SUMUP;brand;1
TECHNAXX;TECHNAXX;TECHNAXX;brand;1
THE_G_LAB;THE G-LAB;THE_G_LAB;brand;1
THOMSON;THOMSON;THOMSON;brand;1
THRUSTMASTER;THRUSTMASTER;THRUSTMASTER;brand;1
TNB;TNB;TNB;brand;1
TP_LINK;TP LINK;TP LINK;brand;1
TRIANGLE;TRIANGLE;TRIANGLE;brand;1
TRUST;TRUST;TRUST;brand;1
TUCANO;TUCANO;TUCANO;brand;1
TURBO;TURBO;TURBO;brand;1
URBAN_FACTORY;URBAN FACTORY;URBAN_FACTORY;brand;1
URBANGLIDE;URBANGLIDE;URBANGLIDE;brand;1
URBANGO;URBANGO;URBANGO;brand;1
URBANRIDE;URBANRIDE;URBANRIDE;brand;1
VIEWSONIC;VIEWSONIC;VIEWSONIC;brand;1
VIVLIO;VIVLIO;VIVLIO;brand;1
VIVO;VIVO;VIVO;brand;1
WACOM;WACOM;WACOM;brand;1
WE;WE;WE;brand;1
WEEPLUG;WEEPLUG;WEEPLUG;brand;1
WIKO;WIKO;WIKO;brand;1
WISPEED;WISPEED;WISPEED;brand;1
XANLITE;XANLITE;XANLITE;brand;1
XBOX;XBOX;XBOX;brand;1
XEROX;XEROX;XEROX;brand;1
XIAOMI;XIAOMI;XIAOMI;brand;1
YAMAHA;YAMAHA;YAMAHA;brand;1
ZTE;ZTE;ZTE;brand;1
EDENWOOD;EDENWOOD;EDENWOOD;brand;1
HITACHI;HITACHI;HITACHI;brand;1
HKC;HKC;HKC;brand;1
HUAWEI;HUAWEI;HUAWEI;brand;1
INSIGNA;INSIGNA;INSIGNA;brand;1
LG;LG;LG;brand;1
LOEWE;LOEWE;LOEWE;brand;1
POLAROID;POLAROID;POLAROID;brand;1
SMART_TECH;SMART TECH;SMART TECH;brand;1
STRONG;STRONG;STRONG;brand;1
TCL;TCL;TCL;brand;1
TELEFUNKEN;TELEFUNKEN;TELEFUNKEN;brand;1
TOSHIBA;TOSHIBA;TOSHIBA;brand;1
VESTEL;VESTEL;VESTEL;brand;1
IKEA;IKEA;IKEA;brand;1
CONTINENTAL;CONTINENTAL;CONTINENTAL;brand;1
TECHNICAL;TECHNICAL;TECHNICAL;brand;1
TUCSON;TUCSON;TUCSON;brand;1
ELICA;ELICA;ELICA;brand;1
AKAI;AKAI;AKAI;brand;1
TURBOAIR;TURBOAIR;TURBOAIR;brand;1
HOMER;HOMER;HOMER;brand;1
AVINTAGE;AVINTAGE;AVINTAGE;brand;1
VINOSTYLE;VINOSTYLE;VINOSTYLE;brand;1
KING_D_HOME;KING D'HOME;KING D'HOME;brand;1
HARRISON;HARRISON;HARRISON;brand;1
SILVER_STYLE;SILVER STYLE;SILVER STYLE;brand;1
LE_CELLIER;LE CELLIER;LE CELLIER;brand;1
GLEM;GLEM;GLEM;brand;1
LE_CHAI;LE CHAI;LE CHAI;brand;1
Carrefour_Home;Carrefour Home;Carrefour Home;brand;1
Surfline;Surfline;Surfline;brand;1
FRIGELUX;FRIGELUX;FRIGELUX;brand;1
WINIA;WINIA;WINIA;brand;1
TECNOLEC;TECNOLEC;TECNOLEC;brand;1
EMBRACO;EMBRACO;EMBRACO;brand;1
BRABANTIA;BRABANTIA;BRABANTIA;brand;1
TRAEGER_RANGER;TRAEGER RANGER;TRAEGER RANGER;brand;1
SELECLINE;SELECLINE;SELECLINE;brand;1
WALTMAN;WALTMAN;WALTMAN;brand;1
